"0","jb_x1 <- jarque.bera.test(X1)"
"0","jb_x2 <- jarque.bera.test(X2)"
"0","jb_x3 <- jarque.bera.test(X3)"
"0",""
"0","JB_df <- data.frame("
"0","  Statistic = c(""JB Calc"", ""df"", ""p-value""),"
"0","  X1 = c("
"0","    jb_x1$statistic,"
"0","    jb_x1$parameter,"
"0","    jb_x1$p.value"
"0"," ),"
"0"," X2 = c("
"0","    jb_x2$statistic,"
"0","    jb_x2$parameter,"
"0","    jb_x2$p.value"
"0"," ),"
"0"," X3 = c("
"0","    jb_x3$statistic,"
"0","    jb_x3$parameter,"
"0","    jb_x3$p.value"
"0"," ),"
"0","  row.names = NULL,"
"0","  check.names = FALSE"
"0",")"
"0",""
"0","# Rounding"
"0",""
"0","JB_df$X1 <- round(JB_df$X1, 4)"
"0","JB_df$X2 <- round(JB_df$X2, 4)"
"0","JB_df$X3 <- round(JB_df$X3, 4)"
"0",""
"0","JB_df"
