"0","library(xts)"
"0",""
"0","mw_df <- readxl::read_excel(""msft_wmt.xlsx"")   # <-- change filename"
"0",""
"0","# ignore the date column"
"0","mw_df = mw_df[,-1]"
"0",""
"0","# Jan 1990 to March 2024"
"0","# create an xts object, but first create the date. "
"0","idx <- seq(from = as.Date(""1990-01-01""), by = ""month"", length.out = nrow(mw_df))"
"0","prices.xts <- xts(mw_df, order.by = idx)"
"0",""
"0","# just display month-year without date"
"0","index(prices.xts) <- as.yearmon(index(prices.xts))  "
"0","head(prices.xts)"
"1","        "
"1","     MSFT"
"1","      WMT"
"1","
Jan 1990"
"1"," 0.642361"
"1"," 1.093507"
"1","
Feb 1990"
"1"," 0.685764"
"1"," 1.128781"
"1","
Mar 1990"
"1"," 0.769097"
"1"," 1.212157"
"1","
Apr 1990"
"1"," 0.805556"
"1"," 1.274974"
"1","
May 1990"
"1"," 1.013889"
"1"," 1.448397"
"1","
Jun 1990"
"1"," 1.055556"
"1"," 1.602550"
"1","
"
"0","plot(prices.xts, legend.loc = ""topleft"", main = ""Prices"")"
"0",""
