"0",""
"0","# Figure settings in r code header above:"
"0","# (fig.width=10, fig.height=4, dpi=150, fig.show='hold') stop the plot headings"
"0","# from overlapping. You may not need it all the time - only when printing "
"0","# multiple graphs"
"0",""
"0","# log return for Close"
"0","logret <- diff(log(anz1.xts$CLOSE))"
"0","logret <- na.omit(logret)   # removes the first NA created by diff()"
"0",""
"0","# Plot 2 graphs in one row"
"0","# use mar =  and mgp to adjust headings"
"0","par(mfrow = c(1, 2), mar = c(6, 4, 4, 2) + 0.1, mgp = c(2.2, 0.7, 0))"
"0",""
"0","# xaxt = ""n"" also helps with headings"
"0","plot(anz1.xts$CLOSE, main = ""ANZ close"", col = ""darkgreen"", xaxt = ""n"")"
