"0","fit.x1 <- lm(X1~1, data = file1)"
"0","summary(fit.x1)"
"1","
Call:
"
"1",""
"1","lm(formula = X1 ~ 1, data = file1)"
"1",""
"1","

"
"1",""
"1","Residuals:
"
"1","    Min "
"1","     1Q "
"1"," Median "
"1","     3Q "
"1","    Max "
"1","
"
"1","-7.2090 "
"1","-0.6440 "
"1","-0.0498 "
"1"," 0.7257 "
"1"," 3.5446 "
"1","
"
"1","
Coefficients:
"
"1","           "
"1"," Estimate"
"1"," Std. Error"
"1"," t value"
"1"," Pr(>|t|)"
"1","
(Intercept)"
"1","   0.1851"
"1","     0.1391"
"1","    1.33"
"1","    0.186"
"1","
"
"1","
Residual standard error:"
"1"," "
"1","1.391"
"1"," "
"1","on"
"1"," "
"1","99"
"1"," "
"1","degrees of freedom"
"1","
"
"1","
"
