"0","y  <- logret # y is xts"
"0","y1 <- lag(y, k = 1)   # y1 is xts, first observation is NA"
"0",""
"0","lret <- na.omit(merge(y, y1))  # remove the first observation"
"0","#lret is our regression data now"
"0",""
"0","colnames(lret) <- c(""y"", ""y_lag1"") "
"0",""
"0","# the regression function lm needs variable names"
"0",""
"0","fit_ar1 <- lm(y ~ y_lag1, data = lret)"
"0","summary(fit_ar1)"
"1","
Call:
"
"1",""
"1","lm(formula = y ~ y_lag1, data = lret)"
"1",""
"1","

"
"1",""
"1","Residuals:
"
"1","       Min "
"1","        1Q "
"1","    Median "
"1","        3Q "
"1","       Max "
"1","
"
"1","-0.0267593 "
"1","-0.0063210 "
"1","-0.0004304 "
"1"," 0.0067700 "
"1"," 0.0255672 "
"1","
"
"1","
Coefficients:
"
"1","           "
"1","  Estimate"
"1"," Std. Error"
"1"," t value"
"1"," Pr(>|t|)"
"1","  "
"1","
(Intercept)"
"1"," 0.0015009"
"1","  0.0006735"
"1","   2.229"
"1","   0.0267"
"1"," *"
"1","
y_lag1     "
"1"," 0.0258519"
"1","  0.0638666"
"1","   0.405"
"1","   0.6860"
"1","  "
"1","
"
"1","---
Signif. codes:  "
"1",""
"1","0 ‘***’ 0.001 ‘**’ 0.01 ‘*’ 0.05 ‘.’ 0.1 ‘ ’ 1"
"1","
"
"1","
Residual standard error:"
"1"," "
"1","0.01049"
"1"," "
"1","on"
"1"," "
"1","246"
"1"," "
"1","degrees of freedom"
"1","
"
"1","Multiple R-squared: "
"1"," "
"1","0.0006656"
"1",",	Adjusted R-squared: "
"1"," "
"1","-0.003397"
"1"," "
"1","
F-statistic:"
"1"," "
"1","0.1638"
"1"," "
"1","on"
"1"," "
"1","1"
"1"," "
"1","and"
"1"," "
"1","246"
"1"," "
"1","DF,  p-value:"
"1"," "
"1","0.686"
"1","
"
"1","
"
