"0","y <- nasdaq.xts$Open"
"0","y <- as.numeric(y)  # ensure it's a numeric vector"
"0",""
"0",""
"0","x <- nasdaq.xts$Close"
"0","x <- as.numeric(x)  # ensure it's a numeric vector"
"0","na_rm <- TRUE"
"0",""
"0",""
"0","stats_df <- data.frame("
"0","  Statistic = c(""Mean"", ""Median"", ""Maximum"", ""Minimum"", ""Std_Dev"","
"0","                ""Skewness"", ""Excess Kurtosis"",""Obs""),"
"0","  Open_Price = c("
"0","    mean(y, na.rm = na_rm),"
"0","    median(y, na.rm = na_rm),"
"0","    max(y, na.rm = na_rm),"
"0","    min(y, na.rm = na_rm),"
"0","    sd(y, na.rm = na_rm),"
"0","    PerformanceAnalytics::skewness(y, na.rm = na_rm),"
"0","    PerformanceAnalytics::kurtosis(y, na.rm = na_rm), "
"0","    # this is *excess* kurtosis in PA"
"0","    length(y)"
"0","  ),"
"0","  Close_Price = c("
"0","    mean(x, na.rm = na_rm),"
"0","    median(x, na.rm = na_rm),"
"0","    max(x, na.rm = na_rm),"
"0","    min(x, na.rm = na_rm),"
"0","    sd(x, na.rm = na_rm),"
"0","    PerformanceAnalytics::skewness(x, na.rm = na_rm),"
"0","    PerformanceAnalytics::kurtosis(x, na.rm = na_rm), "
"0","    # this is *excess* kurtosis in PA"
"0","    length(x)"
"0","  ),"
"0","  "
"0","  row.names = NULL,"
"0","  check.names = FALSE"
"0",")"
"0",""
"0","# Optional rounding"
"0",""
"0","stats_df$Open_Price <- round(stats_df$Open_Price, 4)"
"0","stats_df$Close_Price <- round(stats_df$Close_Price, 4)"
"0",""
"0","stats_df"
