"0","z <- logret"
"0","z <- as.numeric(z)  # ensure it's a numeric vector"
"0","na_rm <- TRUE"
"0",""
"0",""
"0","lret_df <- data.frame("
"0","  Statistic = c(""Mean"", ""Median"", ""Maximum"", ""Minimum"", ""Std_Dev"","
"0","                ""Skewness"", ""Excess Kurtosis"", ""Obs""),"
"0","  Log_Returns = c("
"0","    mean(z, na.rm = na_rm),"
"0","    median(z, na.rm = na_rm),"
"0","    max(z, na.rm = na_rm),"
"0","    min(z, na.rm = na_rm),"
"0","    sd(z, na.rm = na_rm),"
"0","    PerformanceAnalytics::skewness(z, na.rm = na_rm),"
"0","    PerformanceAnalytics::kurtosis(z, na.rm = na_rm),"
"0","    # this is *excess* kurtosis in PA"
"0","    length(z)"
"0","  ),"
"0","  "
"0","  row.names = NULL,"
"0","  check.names = FALSE"
"0",")"
"0",""
"0","# Optional rounding"
"0",""
"0","lret_df$Log_Returns <- round(lret_df$Log_Returns, 4)"
"0",""
"0",""
"0","lret_df"
