"0","na_rm <- TRUE"
"0",""
"0","stats_df <- data.frame("
"0","  Statistic = c(""Mean"", ""Median"", ""Maximum"", ""Minimum"", ""Std_Dev"","
"0","                ""Skewness"", ""Excess Kurtosis"",""Obs""),"
"0","  X1 = c("
"0","    mean(X1, na.rm = na_rm),"
"0","    median(X1, na.rm = na_rm),"
"0","    max(X1, na.rm = na_rm),"
"0","    min(X1, na.rm = na_rm),"
"0","    sd(X1, na.rm = na_rm),"
"0","    PerformanceAnalytics::skewness(X1, na.rm = na_rm),"
"0","    PerformanceAnalytics::kurtosis(X1, na.rm = na_rm), "
"0","    length(X1)"
"0","  ),"
"0","  X2 = c("
"0","    mean(X2, na.rm = na_rm),"
"0","    median(X2, na.rm = na_rm),"
"0","    max(X2, na.rm = na_rm),"
"0","    min(X2, na.rm = na_rm),"
"0","    sd(X2, na.rm = na_rm),"
"0","    PerformanceAnalytics::skewness(X2, na.rm = na_rm),"
"0","    PerformanceAnalytics::kurtosis(X2, na.rm = na_rm), "
"0","    length(X2)"
"0","  ),"
"0","  X3 = c("
"0","    mean(X3, na.rm = na_rm),"
"0","    median(X3, na.rm = na_rm),"
"0","    max(X3, na.rm = na_rm),"
"0","    min(X3, na.rm = na_rm),"
"0","    sd(X3, na.rm = na_rm),"
"0","    PerformanceAnalytics::skewness(X3, na.rm = na_rm),"
"0","    PerformanceAnalytics::kurtosis(X3, na.rm = na_rm), "
"0","    length(X3)"
"0","  ),"
"0","  row.names = NULL,"
"0","  check.names = FALSE"
"0",")"
"0",""
"0","# Optional rounding"
"0",""
"0","stats_df$X1 <- round(stats_df$X1, 4)"
"0","stats_df$X2 <- round(stats_df$X2, 4)"
"0","stats_df$X3 <- round(stats_df$X3, 4)"
"0",""
"0",""
"0","stats_df"
