"0","
source(""Correlogram.R"")

correlogram(lr^2, max.lag = 10)
"
"1",""
"1"," Lag"
"1","     AC"
"1","        Q"
"1","      Prob"
"1","
"
"1","   1"
"1"," 0.1707"
"1","  74.3677"
"1"," 6.484e-18"
"1","
"
"1","   2"
"1"," 0.1331"
"1"," 119.5827"
"1"," 1.079e-26"
"1","
"
"1","   3"
"1"," 0.1189"
"1"," 155.6889"
"1"," 1.561e-33"
"1","
"
"1","   4"
"1"," 0.1122"
"1"," 187.8363"
"1"," 1.546e-39"
"1","
"
"1","   5"
"1"," 0.1096"
"1"," 218.5020"
"1"," 3.111e-45"
"1","
"
"1","   6"
"1"," 0.1049"
"1"," 246.6063"
"1"," 2.178e-50"
"1","
"
"1","   7"
"1"," 0.0931"
"1"," 268.7799"
"1"," 2.771e-54"
"1","
"
"1","   8"
"1"," 0.0879"
"1"," 288.5648"
"1"," 1.116e-57"
"1","
"
"1","   9"
"1"," 0.0827"
"1"," 306.0545"
"1"," 1.356e-60"
"1","
"
"1","  10"
"1"," 0.0793"
"1"," 322.1395"
"1"," 3.214e-63"
"1","
"
